;docname;top_topic;topic_score
0;rta1576.edd1e10d24421-d1e99t0d0627.txt;87, 45, 74;0.5145531, 0.45487896, 0.022986647
1;rta1576.edd1e10d24421-d1e205t1d0628.txt;66, 74;0.7902175, 0.18329138
2;rta1576.edd1e10d24421-d1e238t2d0629.txt;6;0.9978047
3;rta1576.edd1e10d24421-d1e594t3d0625.txt;37, 3, 74;0.5789843, 0.23136725, 0.18376781
4;rta1576.edd1e10d24421-d1e767t4d0628.txt;3, 87, 74;0.45177776, 0.35313076, 0.1892951
5;rta1576.edd1e10d24421-d1e1117t5d0630.txt;87, 0, 45, 3, 54, 73, 5, 93, 50, 61, 30;0.58532083, 0.10075953, 0.057015833, 0.053286128, 0.040112704, 0.038890306, 0.026539193, 0.025639366, 0.020911304, 0.020126782, 0.011452568
6;rta1576.edd1e10d24421-d1e1883t6d0703.txt;3;0.9979793
7;rta1576.edd1e10d24421-d1e2120t7d0706.txt;87, 54, 93, 45, 3;0.80857897, 0.04856691, 0.04716612, 0.03335505, 0.027162768
8;rta1576.edd1e10d24421-d1e2574t8d0707.txt;87, 42, 0, 15;0.62855303, 0.26090452, 0.073538475, 0.031388316
9;rta1576.edd1e10d24421-d1e2928t9d0709.txt;87, 60, 54;0.71411985, 0.25983226, 0.023267485
10;rta1576.edd1e10d24421-d1e3162t10d0711.txt;87, 15, 72;0.6692707, 0.22348586, 0.10352566
11;rta1576.edd1e10d24421-d1e3392t11d0717.txt;87, 7;0.614945, 0.3664718
12;rta1576.edd1e10d24421-d1e3704t12d0718.txt;87, 52, 74;0.46248704, 0.29799533, 0.21930319
13;rta1576.edd1e10d24421-d1e3755t13d0720.txt;87, 17, 45;0.5724088, 0.4123041, 0.013842955
14;rta1576.edd1e10d24421-d1e4198t14d0723.txt;87, 91, 45, 74, 0, 99, 84;0.5898492, 0.16596013, 0.09379061, 0.06807221, 0.03485511, 0.02331816, 0.022700975
15;rta1576.edd1e10d24421-d1e4567t15d0724.txt;87, 0, 74, 7, 30;0.51393414, 0.27350584, 0.14158764, 0.025310168, 0.024139402
16;rta1576.edd1e10d24421-d1e4934t16d0726.txt;87, 99;0.5687007, 0.42905602
17;rta1576.edd1e10d24421-d1e5252t17d0727.txt;84;0.9955602
18;rta1576.edd1e10d24421-d1e5472t18d0728.txt;87, 42, 73, 0, 3, 45, 50;0.43042156, 0.3943265, 0.08343456, 0.034609627, 0.018221397, 0.016699106, 0.010551861
19;rta1576.edd1e10d24421-d1e5925t19d0730.txt;73;0.9965135
20;rta1576.edd1e10d24421-d1e6124t20d0731.txt;87, 96, 73, 42, 4, 45;0.63816214, 0.18779428, 0.051449094, 0.030176813, 0.02856044, 0.028389912
21;rta1576.edd1e10d24421-d1e6534t21d0801.txt;87, 5, 77, 96;0.47436374, 0.36023173, 0.13139132, 0.031057479
22;rta1576.edd1e10d24421-d1e6808t22d0802.txt;87, 50, 74, 3, 22, 0, 84, 73;0.37998968, 0.31951913, 0.18227942, 0.03415463, 0.02272245, 0.021056637, 0.01942958, 0.012126828
23;rta1576.edd1e10d24421-d1e7238t23d0803.txt;0, 87, 84;0.507436, 0.47397774, 0.016332742
24;rta1576.edd1e10d24421-d1e7543t24d0804.txt;45, 87, 74;0.80328643, 0.13470137, 0.059930112
25;rta1576.edd1e10d24421-d1e7752t25d0806.txt;87, 18;0.65136, 0.34373933
26;rta1576.edd1e10d24421-d1e7935t26d0807.txt;54, 87, 74;0.4935432, 0.43144345, 0.07095329
27;rta1576.edd1e10d24421-d1e8142t27d0808.txt;73, 88, 45;0.7998784, 0.15102375, 0.038465302
28;rta1576.edd1e10d24421-d1e8475t28d0809.txt;71;0.9774971
29;rta1576.edd1e10d24421-d1e8540t29d0810.txt;20;0.9971467
30;rta1576.edd1e10d24421-d1e8743t30d0811.txt;87, 63;0.7037678, 0.28857455
31;rta1576.edd1e10d24421-d1e8861t31d0813.txt;73, 0;0.98498875, 0.011455905
32;rta1576.edd1e10d24421-d1e9338t32d0814.txt;13, 87;0.57554245, 0.42113483
33;rta1576.edd1e10d24421-d1e9547t33d0817.txt;87, 74, 20;0.8696459, 0.06992328, 0.057425916
34;rta1576.edd1e10d24421-d1e9751t34d0818.txt;87, 0, 73, 84, 22;0.34447703, 0.32540458, 0.18009962, 0.09129993, 0.044182424
35;rta1576.edd1e10d24421-d1e9987t35d0820.txt;87, 74, 22, 45, 0, 3, 15;0.3800068, 0.23148058, 0.20735602, 0.069479115, 0.045867164, 0.028680341, 0.010415293
36;rta1576.edd1e10d24421-d1e10293t36d0821.txt;22;0.99729484
37;rta1576.edd1e10d24421-d1e10475t37d0822.txt;87, 88, 95, 74;0.40957764, 0.22321439, 0.20530663, 0.15112674
38;rta1576.edd1e10d24421-d1e10721t38d0823.txt;45, 74, 87, 13;0.43073288, 0.3204789, 0.19822814, 0.043465916
39;rta1576.edd1e10d24421-d1e10965t39d0827.txt;87;0.99795324
40;rta1576.edd1e10d24421-d1e11405t40d0828.txt;87, 93, 5;0.49386096, 0.44511828, 0.05227835
41;rta1576.edd1e10d24421-d1e11944t41d0829.txt;87, 5;0.5932385, 0.40470627
42;rta1576.edd1e10d24421-d1e12260t42d0830.txt;87, 88, 61, 73, 0;0.63961273, 0.25929466, 0.057259247, 0.01569151, 0.014663298
43;rta1576.edd1e10d24421-d1e12685t43d0831.txt;87, 61, 3;0.6379455, 0.3180956, 0.041952502
44;rta1576.edd1e10d24421-d1e13063t44d0903.txt;87, 3, 74;0.4598546, 0.32438082, 0.19782095
45;rta1576.edd1e10d24421-d1e13406t45d0904.txt;30, 87;0.5922257, 0.40655363
46;rta1576.edd1e10d24421-d1e13904t46d0905.txt;69;0.91749233
47;rta1576.edd1e10d24421-d1e13917t47d0906.txt;74;0.99740803
48;rta1576.edd1e10d24421-d1e14241t48d0912.txt;87, 75;0.8839082, 0.09536556
49;rta1576.edd1e10d24421-d1e14904t49d0913.txt;45, 87;0.5703217, 0.42783907
50;rta1576.edd1e10d24421-d1e15231t50d0914.txt;87, 3, 74, 75;0.47914895, 0.44414532, 0.05092166, 0.02166223
51;rta1576.edd1e10d24421-d1e15463t51d0917.txt;65, 87, 74;0.41828674, 0.3161559, 0.26156378
52;rta1576.edd1e10d24421-d1e15666t52d0918.txt;87, 15, 54, 0, 30, 75, 74, 5;0.55074, 0.27386922, 0.043797795, 0.032867506, 0.02704917, 0.01564852, 0.014923473, 0.013967795
53;rta1576.edd1e10d24421-d1e16146t53d0919.txt;74, 44;0.51203966, 0.4852069
54;rta1576.edd1e10d24421-d1e16420t54d0920.txt;87, 54, 15, 0, 3;0.5245228, 0.40334225, 0.022097012, 0.015608368, 0.011360939
55;rta1576.edd1e10d24421-d1e16870t55d0922.txt;87, 74, 82, 15;0.89150196, 0.03628299, 0.031194279, 0.018606361
56;rta1576.edd1e10d24421-d1e17185t56d0924.txt;87, 74;0.8219269, 0.17428757
57;rta1576.edd1e10d24421-d1e17432t57d0925.txt;87, 74;0.8816718, 0.116723284
58;rta1576.edd1e10d24421-d1e17843t58d0926.txt;74, 87, 65;0.5613161, 0.26713407, 0.16492106
59;rta1576.edd1e10d24421-d1e18062t59d0927.txt;74;0.9962351
60;rta1576.edd1e10d24421-d1e18281t60d0928.txt;15;0.9980959
61;rta1576.edd1e10d24421-d1e18730t61d1001.txt;74, 87, 73;0.7514518, 0.219237, 0.01993974
62;rta1576.edd1e10d24421-d1e19413t62d1004.txt;74, 48, 87, 13;0.4816021, 0.26255876, 0.23768413, 0.014583965
63;rta1576.edd1e10d24421-d1e19629t63d1006.txt;74, 22, 55;0.5822552, 0.28780016, 0.12452443
64;rta1576.edd1e10d24421-d1e19797t64d1008.txt;54, 87, 74;0.43479985, 0.39096078, 0.17302342
65;rta1576.edd1e10d24421-d1e20863t65d1012.txt;77;0.9633254
66;rta1576.edd1e10k119111-d1e34t0d0712.txt;99, 68, 65;0.7338682, 0.2433995, 0.02080707
67;rta1576.edd1e10k119111-d1e383t1d0713.txt;93, 99;0.6108205, 0.37067944
68;rta1576.edd1e10k119111-d1e424t2d0714.txt;65;0.99478847
69;rta1576.edd1e10k119111-d1e589t3d0815.txt;65, 50, 99, 87, 93;0.31644344, 0.29033434, 0.21484746, 0.117792934, 0.056497026
70;rta1576.edd1e10k119111-d1e770t4d0916.txt;16, 90;0.7948202, 0.19634905
71;rta1576.edd1e10m5152274-d1e40t0d.txt;40;0.9784769
72;rta1576.edd1e10m5152274-d1e76t1d.txt;61, 90, 22;0.6318384, 0.21806805, 0.1310527
73;rta1576.edd1e10m5152274-d1e106t2d.txt;99;0.9977698
74;rta1576.edd1e10m5152274-d1e322t3d.txt;34, 69, 61, 0, 24, 90;0.7464455, 0.10509331, 0.066019155, 0.0336942, 0.027408795, 0.011668051
75;rta1576.edd1e10m5152274-d1e536t4d.txt;80;0.9966773
76;rta1576.edd1e10u1591-d1e37t0d0625.txt;10, 51, 91, 50;0.82275623, 0.11449598, 0.042382773, 0.01503678
77;rta1576.edd1e10u1591-d1e322t1d0628.txt;26, 51, 93, 67, 90, 70;0.4909396, 0.2745928, 0.09841025, 0.04493909, 0.04309887, 0.031854358
78;rta1576.edd1e10u1591-d1e438t2d0705.txt;91, 10, 51;0.6371157, 0.20169002, 0.15954559
79;rta1576.edd1e10u1591-d1e724t3d0706.txt;93, 51;0.8479686, 0.14623016
80;rta1576.edd1e10u1591-d1e770t4d0709.txt;17, 51, 10;0.51758605, 0.27351904, 0.1967656
81;rta1576.edd1e10u1591-d1e833t5d0711.txt;67, 51;0.69320357, 0.30234057
82;rta1576.edd1e10u1591-d1e941t6d0718.txt;60, 51;0.62022316, 0.3711029
83;rta1576.edd1e10u1591-d1e1012t7d0719.txt;13;0.9417539
84;rta1576.edd1e10u1591-d1e1039t8d0720.txt;95, 51;0.7862865, 0.19091675
85;rta1576.edd1e10u1591-d1e1071t9d0723.txt;93, 51;0.52571183, 0.46028388
86;rta1576.edd1e10u1591-d1e1105t10d0724.txt;45, 51, 67, 93;0.3794478, 0.33160225, 0.16257152, 0.121931665
87;rta1576.edd1e10u1591-d1e1260t11d0726.txt;88, 51, 74, 25;0.53591716, 0.38279906, 0.045820285, 0.03030023
88;rta1576.edd1e10u1591-d1e1313t12d0728.txt;67, 51, 91;0.34703645, 0.3188908, 0.31865904
89;rta1576.edd1e10u1591-d1e1350t13d0731.txt;17, 51;0.7361129, 0.25604495
90;rta1576.edd1e10u1591-d1e1385t14d0802.txt;75, 51, 67;0.43266192, 0.34860107, 0.21044414
91;rta1576.edd1e10u1591-d1e1456t15d0803.txt;27, 51;0.69063205, 0.24401663
92;rta1576.edd1e10u1591-d1e1482t16d0808.txt;90;0.9926104
93;rta1576.edd1e10u1591-d1e1549t17d0809.txt;13, 51;0.519065, 0.46171457
94;rta1576.edd1e10u1591-d1e1599t18d0811.txt;17, 51;0.70809317, 0.2894683
95;rta1576.edd1e10u1591-d1e1832t19d0813.txt;51, 27, 67;0.5120978, 0.32196665, 0.14572032
96;rta1576.edd1e10u1591-d1e1870t20d0814.txt;81;0.9816654
97;rta1576.edd1e10u1591-d1e1905t21d0821.txt;78;0.98293006
98;rta1576.edd1e10u1591-d1e1937t22d0822.txt;47, 51;0.75622547, 0.23546833
99;rta1576.edd1e10u1591-d1e2007t23d0823.txt;51, 79, 93, 67, 17, 57;0.57407427, 0.23739736, 0.057235632, 0.051118053, 0.039617043, 0.020449048
100;rta1576.edd1e10u1591-d1e2281t24d0824.txt;7, 51;0.7578532, 0.23272061
101;rta1576.edd1e10u1591-d1e2354t25d0825.txt;33, 85;0.6638399, 0.2661516
102;rta1576.edd1e10u1591-d1e2380t26d0827.txt;67, 51;0.5391737, 0.45092383
103;rta1576.edd1e10u1591-d1e2471t27d0829.txt;65, 51, 67;0.459995, 0.3650627, 0.1656999
104;rta1576.edd1e10u1591-d1e2534t28d0830.txt;47, 51;0.52061343, 0.47285184
105;rta1576.edd1e10u1591-d1e2599t29d0905.txt;69;0.99484324
106;rta1576.edd1e10u1591-d1e2699t30d0906.txt;51, 57, 93;0.7740488, 0.21023329, 0.013984598
107;rta1576.edd1e10u1591-d1e2993t31d0907.txt;57, 51;0.82704425, 0.17059378
108;rta1576.edd1e10u1591-d1e3128t32d0908.txt;66, 57, 51, 76, 93;0.40605178, 0.2873413, 0.19262536, 0.06990074, 0.04180736
109;rta1576.edd1e10u1591-d1e3304t33d0909.txt;57;0.9949989
110;rta1576.edd1e10u1591-d1e3430t34d0910.txt;51, 57;0.62913865, 0.2891822
111;rta1576.edd1e10u1591-d1e3450t35d0911.txt;51, 14, 75;0.7083935, 0.24364997, 0.041026592
112;rta1576.edd1e10u1591-d1e3511t36d0912.txt;51, 16;0.5970915, 0.39885768
113;rta1576.edd1e10u1591-d1e3609t37d0914.txt;51;0.9966425
114;rta1576.edd1e10u1591-d1e3694t38d0915.txt;69, 51, 57;0.8835006, 0.05593692, 0.04577731
115;rta1576.edd1e10u1591-d1e3830t39d0917.txt;51, 55;0.79412127, 0.1924522
116;rta1576.edd1e10u1591-d1e3875t40d0919.txt;51, 57, 67, 75;0.5184441, 0.23948045, 0.1795631, 0.0593102
117;rta1576.edd1e10u1591-d1e4014t41d0920.txt;51, 69, 17;0.500931, 0.4191239, 0.07135728
118;rta1576.edd1e10u1591-d1e4064t42d0921.txt;85;0.99512273
119;rta1576.edd1e10u1591-d1e4141t43d0922.txt;91, 51;0.5785043, 0.4193489
120;rta1576.edd1e10u1591-d1e4247t44d0924.txt;51, 93;0.5594761, 0.43837824
121;rta1576.edd1e10u1591-d1e4435t45d0925.txt;51, 70;0.5282135, 0.46064627
122;rta1576.edd1e10u1591-d1e4506t46d0927.txt;51;0.99802315
123;rta1576.edd1e10u1591-d1e4784t47d0929.txt;90, 51, 93;0.54639924, 0.32686782, 0.12445503
124;rta1576.edd1e10u1591-d1e5005t48d1001.txt;51;0.9988335
125;rta1576.edd1e10u1591-d1e5379t49d.txt;51, 83, 93, 16;0.619382, 0.25262934, 0.106896065, 0.018685244
126;rta1576.edd1e10u1591-d1e5578t50d1004.txt;51, 73;0.69417316, 0.3020707
127;rta1576.edd1e10u1591-d1e5709t51d1005.txt;93, 51;0.4966159, 0.49253085
128;rta1576.edd1e10u1591-d1e5922t52d1006.txt;51, 73, 66;0.6892114, 0.2893635, 0.017330425
129;rta1576.edd1e10u1591-d1e6075t53d1008.txt;51, 54;0.94332254, 0.04907795
130;rta1576.edd1e10u1591-d1e6126t54d1009.txt;99, 51;0.5296406, 0.46459258
131;rta1576.edd1e10u1591-d1e6221t55d1010.txt;51;0.99607
132;rta1576.edd1e10u1591-d1e6378t56d1011.txt;51, 93;0.6339097, 0.36268586
133;rta1576.edd1e10u1591-d1e6535t57d1012.txt;54, 51, 90, 57;0.4013836, 0.35660455, 0.12713937, 0.11087048
134;rta1576.edd1e11m515221-d1e57t0d0627.txt;63, 76, 93, 7, 0, 61, 87, 5, 73;0.26500887, 0.25895423, 0.21154933, 0.09126016, 0.06322876, 0.03689671, 0.033071823, 0.020417525, 0.012235269
135;rta1576.edd1e11m515221-d1e698t1d0628.txt;5, 76;0.78074354, 0.2110185
136;rta1576.edd1e11m515221-d1e804t2d0629.txt;46, 93, 7, 76, 83, 11, 51, 74;0.34471548, 0.2102923, 0.17282993, 0.12803227, 0.061308157, 0.028365672, 0.025568899, 0.016013093
137;rta1576.edd1e11m515221-d1e1354t3d0629.txt;52, 76, 80, 93, 7;0.4911313, 0.35683367, 0.098507926, 0.02223875, 0.02082862
138;rta1576.edd1e11m515221-d1e1726t4d0717.txt;94, 76, 7, 11;0.64675856, 0.19335377, 0.1063938, 0.0495259
139;rta1576.edd1e11m515221-d1e1924t5d0728.txt;83;0.997062
140;rta1576.edd1e11m515221-d1e2198t6d0816.txt;13, 7, 93;0.49692234, 0.3577719, 0.1361827
141;rta1576.edd1e11m515221-d1e2347t7d0819.txt;98, 93;0.93349916, 0.06373973
142;rta1576.edd1e11m515221-d1e2656t8d0822.txt;44, 7, 76, 93, 83, 5, 80, 74;0.22191559, 0.20507698, 0.19836374, 0.15169229, 0.13880499, 0.04026979, 0.027514827, 0.012324649
143;rta1576.edd1e11m515221-d1e2931t9d0824.txt;7, 50;0.9200051, 0.06254876
144;rta1576.edd1e11m515221-d1e3243t10d0825.txt;38;0.9882135
145;rta1576.edd1e11m515221-d1e3409t11d0904.txt;76;0.9938499
146;rta1576.edd1e11m515221-d1e3618t12d0906.txt;76, 93, 7, 87, 80, 5, 0;0.50847197, 0.15075387, 0.1303702, 0.05290543, 0.040331658, 0.028167125, 0.021195965
147;rta1576.edd1e11m515221-d1e4735t13d0908.txt;76, 93, 7, 80, 83, 87, 5, 27;0.46066797, 0.15098736, 0.10851175, 0.07662417, 0.071227044, 0.018829655, 0.015198248, 0.011518681
148;rta1576.edd1e11m515221-d1e5790t14d0909.txt;11;0.9943096
149;rta1576.edd1e11m515221-d1e6016t15d0921.txt;7, 76;0.9279219, 0.060700793
150;rta1576.edd1e11m515221-d1e6403t16d0924.txt;71;0.99214184
151;rta1576.edd1e11m515221-d1e6462t17d0929.txt;76, 93, 80, 7, 5, 87, 82, 45, 83, 91, 95, 63;0.37210047, 0.16750917, 0.10974484, 0.083294876, 0.06730034, 0.056333315, 0.02685326, 0.015937947, 0.015570764, 0.0145823285, 0.012686711, 0.0114317
152;rta1576.edd1e11m515221-d1e7152t18d1005.txt;32, 7, 87, 11, 76, 8;0.4044788, 0.1953052, 0.1416901, 0.10180319, 0.084658414, 0.068208896
153;rta1576.edd1e11m515221-d1e7348t19d1012.txt;99, 87, 76, 93, 61, 24, 7, 51, 91, 80, 4;0.37729186, 0.18999238, 0.08488198, 0.067409985, 0.060590275, 0.05279999, 0.038632065, 0.037324455, 0.028007628, 0.012372395, 0.010140807
154;rta1576.edd1e11W110511-d1e53t0d0501.txt;37;0.9955992
155;rta1576.edd1e11W110511-d1e239t1d0529.txt;76, 0, 47, 87, 62, 48, 65, 72, 51, 93;0.4843984, 0.24637425, 0.076117404, 0.053968545, 0.03709591, 0.027627466, 0.02721762, 0.018051336, 0.017045876, 0.010221117
156;rta1576.edd1e11W110511-d1e526t2d0613.txt;49;0.93399626
157;rta1576.edd1e11W110511-d1e547t3d0617.txt;65;0.98349535
158;rta1576.edd1e11W110511-d1e618t4d0618.txt;4;0.99761975
159;rta1576.edd1e11W110511-d1e941t5d0621.txt;33;0.9953516
160;rta1576.edd1e11W110511-d1e1096t6d0624.txt;50;0.9957321
161;rta1576.edd1e11W110511-d1e1355t7d0625.txt;0, 61, 50, 10, 93, 4, 48, 65, 91, 49, 51, 75, 28, 82;0.2962528, 0.13895874, 0.10190326, 0.07234141, 0.07005532, 0.063555315, 0.056316152, 0.055204708, 0.030509105, 0.02122062, 0.02096499, 0.011617133, 0.010478743, 0.0100225005
162;rta1576.edd1e11W110511-d1e2075t8d0627.txt;49;0.99403566
163;rta1576.edd1e11W110511-d1e2202t9d0628.txt;0, 72, 51;0.7867526, 0.17125116, 0.026323052
164;rta1576.edd1e11W110511-d1e2608t10d0629.txt;37, 33, 97;0.40195516, 0.21703957, 0.18697977
165;rta1576.edd1e11W110511-d1e2614t11d0630.txt;61, 0, 4, 93;0.47301206, 0.4357316, 0.047272056, 0.018174877
166;rta1576.edd1e11W110511-d1e3528t12d0701.txt;3, 95;0.46571717, 0.28923708
167;rta1576.edd1e11W110511-d1e3534t13d0702.txt;16, 48;0.5072628, 0.4873809
168;rta1576.edd1e11W110511-d1e3625t14d0703.txt;0, 48, 93, 72, 16, 4;0.32906103, 0.3060137, 0.21284343, 0.07484327, 0.01763709, 0.017225835
169;rta1576.edd1e11W110511-d1e4108t15d0704.txt;48, 28, 0, 93, 72, 47, 50, 65, 16;0.2908528, 0.26362032, 0.21147296, 0.089272484, 0.041455075, 0.03279424, 0.02539008, 0.024997255, 0.01812037
170;rta1576.edd1e11W110511-d1e4411t16d0705.txt;0, 72, 93, 48, 61, 65, 16, 4;0.41115665, 0.266538, 0.10497536, 0.09809478, 0.023163326, 0.0174253, 0.011291157, 0.011146905
171;rta1576.edd1e11W110511-d1e5005t17d0706.txt;0, 61, 48, 93, 72, 82;0.5123619, 0.1384158, 0.12252417, 0.09891293, 0.06005347, 0.025091635
172;rta1576.edd1e11W110511-d1e5711t18d0707.txt;0, 61, 93, 72, 82, 13;0.8123831, 0.083125144, 0.02072606, 0.014503961, 0.011296775, 0.010285133
173;rta1576.edd1e11W110511-d1e6221t19d0708.txt;3, 19;0.5024904, 0.25249398
174;rta1576.edd1e11W110511-d1e6227t20d0709.txt;0, 61, 93, 48, 4, 87, 82, 16, 49, 28, 17, 91, 65, 57;0.51407003, 0.1416529, 0.05802024, 0.04464956, 0.030482663, 0.02987626, 0.020010976, 0.018431108, 0.016260836, 0.013399994, 0.012955414, 0.012890897, 0.012852182, 0.010971365
175;rta1576.edd1e11W110511-d1e6653t21d0710.txt;0;0.99795353
176;rta1576.edd1e11W110511-d1e6916t22d0711.txt;0, 77, 72, 65;0.625107, 0.17549427, 0.1535143, 0.040596005
177;rta1576.edd1e11W110511-d1e7215t23d0712.txt;94;0.99671036
178;rta1576.edd1e11W110511-d1e7395t24d0713.txt;48, 27;0.6308333, 0.33146465
179;rta1576.edd1e11W110511-d1e7427t25d0714.txt;27;0.9739423
180;rta1576.edd1e11W110511-d1e7490t26d0716.txt;69;0.9099866
181;rta1576.edd1e11W110511-d1e7513t27d0717.txt;61, 0, 82, 48;0.62202305, 0.2714644, 0.04357471, 0.01672721
182;rta1576.edd1e11W110511-d1e7938t28d0718.txt;8;0.9965014
183;rta1576.edd1e11W110511-d1e8102t29d0720.txt;0, 48, 61, 17, 56, 67;0.43314865, 0.26519552, 0.1719665, 0.051595088, 0.037898768, 0.014636164
184;rta1576.edd1e11W110511-d1e8626t30d0721.txt;0, 99, 48, 49;0.46105757, 0.25662458, 0.21844125, 0.055596836
185;rta1576.edd1e11W110511-d1e8683t31d0723.txt;0, 61, 82, 67, 48, 54, 93, 75, 91;0.4421928, 0.17633677, 0.14351092, 0.0934823, 0.041102637, 0.027076632, 0.021329446, 0.015963735, 0.014298684
186;rta1576.edd1e11W110511-d1e9084t32d0724.txt;0, 61, 82, 67, 48, 93, 54, 85;0.4744807, 0.20621294, 0.17289665, 0.04490721, 0.022622082, 0.015017712, 0.012204287, 0.010587629
187;rta1576.edd1e11W110511-d1e9511t33d0726.txt;61, 85, 0, 67, 82;0.45925236, 0.25559235, 0.13442372, 0.07995711, 0.066885255
188;rta1576.edd1e11W110511-d1e9828t34d0727.txt;67, 48;0.9248636, 0.07288805
189;rta1576.edd1e11W110511-d1e10069t35d0728.txt;67, 0, 61, 48, 82, 73;0.3660125, 0.3017071, 0.21330637, 0.042367514, 0.016204158, 0.014232367
190;rta1576.edd1e11W110511-d1e10737t36d0729.txt;52;0.9864361
191;rta1576.edd1e11W110511-d1e10813t37d0730.txt;38;0.983219
192;rta1576.edd1e11W110511-d1e10880t38d0731.txt;61, 4, 82, 93;0.6548363, 0.2952422, 0.026084837, 0.01362498
193;rta1576.edd1e11W110511-d1e11278t39d0801.txt;16, 61, 0;0.47698116, 0.45825112, 0.057254843
194;rta1576.edd1e11W110511-d1e11720t40d0802.txt;67, 0, 82, 61;0.54286766, 0.18629435, 0.13406026, 0.11456233
195;rta1576.edd1e11W110511-d1e12200t41d0803.txt;0, 67;0.97653264, 0.022088079
196;rta1576.edd1e11W110511-d1e12645t42d0804.txt;0, 77, 75;0.4772176, 0.46301255, 0.0584163
197;rta1576.edd1e11W110511-d1e12933t43d0806.txt;14, 0;0.77852136, 0.21849021
198;rta1576.edd1e11W110511-d1e13193t44d0807.txt;0, 52, 61, 82, 48, 17, 54;0.32367375, 0.30844006, 0.1390132, 0.088981315, 0.054082394, 0.044203013, 0.032495048
199;rta1576.edd1e11W110511-d1e13467t45d0808.txt;79, 0, 61, 56, 82;0.6458094, 0.19859315, 0.066598855, 0.055285513, 0.02205362
200;rta1576.edd1e11W110511-d1e13886t46d0809.txt;10, 48;0.5913355, 0.40677565
201;rta1576.edd1e11W110511-d1e14219t47d0810.txt;48, 80, 61, 79, 0;0.36046544, 0.2255109, 0.22314619, 0.10624731, 0.0825133
202;rta1576.edd1e11W110511-d1e14503t48d0811.txt;0, 4, 87, 48;0.84996814, 0.08322845, 0.04917867, 0.01466632
203;rta1576.edd1e11W110511-d1e14748t49d0812.txt;48, 3;0.488247, 0.26671797
204;rta1576.edd1e11W110511-d1e14755t50d0813.txt;0, 67, 61, 62, 82, 48, 56, 73, 93;0.28012756, 0.22899576, 0.20669484, 0.13829875, 0.036720496, 0.023949984, 0.022860276, 0.01844296, 0.010906009
205;rta1576.edd1e11W110511-d1e15389t51d0814.txt;13, 0, 61, 67, 93, 48, 65, 24, 4;0.58704555, 0.18990675, 0.08212348, 0.03320318, 0.029494213, 0.026229115, 0.013423629, 0.011768969, 0.0108609265
206;rta1576.edd1e11W110511-d1e15760t52d0815.txt;65;0.9972871
207;rta1576.edd1e11W110511-d1e15969t53d0816.txt;48, 27, 41;0.55403256, 0.29799154, 0.09691481
208;rta1576.edd1e11W110511-d1e15986t54d0817.txt;48, 61, 82, 51, 60;0.74853915, 0.16224985, 0.059074853, 0.012339389, 0.01090174
209;rta1576.edd1e11W110511-d1e16344t55d0818.txt;48;0.9974346
210;rta1576.edd1e11W110511-d1e16621t56d0820.txt;0, 82, 61, 93, 22;0.502068, 0.33475938, 0.065648444, 0.037110396, 0.0321565
211;rta1576.edd1e11W110511-d1e16993t57d0821.txt;82, 0;0.54101515, 0.45674092
212;rta1576.edd1e11W110511-d1e17243t58d0822.txt;56, 48, 0, 75, 82, 61, 93;0.3856535, 0.17074259, 0.13727301, 0.12170378, 0.11318315, 0.033353798, 0.018001206
213;rta1576.edd1e11W110511-d1e17610t59d0823.txt;93, 82, 0, 67, 48, 95, 74;0.2609756, 0.24880427, 0.21168487, 0.12550502, 0.06814274, 0.040582675, 0.036637027
214;rta1576.edd1e11W110511-d1e18011t60d0824.txt;33, 15;0.33666053, 0.33665755
215;rta1576.edd1e11W110511-d1e18017t61d0826.txt;48;0.99427605
216;rta1576.edd1e11W110511-d1e18198t62d0827.txt;61, 0, 48, 90, 75;0.68535584, 0.19589104, 0.05949109, 0.043222453, 0.011727406
217;rta1576.edd1e11W110511-d1e18813t63d0828.txt;61, 0, 93, 57, 67, 64, 82;0.5202091, 0.21124493, 0.12493375, 0.040043045, 0.03952914, 0.01540397, 0.013942039
218;rta1576.edd1e11W110511-d1e19421t64d0829.txt;61;0.99823457
219;rta1576.edd1e11W110511-d1e19901t65d0830.txt;61, 0, 10, 67;0.45983946, 0.23567441, 0.2273688, 0.07575854
220;rta1576.edd1e11W110511-d1e20435t66d0831.txt;61, 93;0.7387582, 0.25951236
221;rta1576.edd1e11W110511-d1e20808t67d0903.txt;61, 32, 82, 67;0.47789815, 0.32135615, 0.16092558, 0.03806459
222;rta1576.edd1e11W110511-d1e21164t68d0904.txt;0, 20, 61;0.40761736, 0.3055663, 0.28197315
223;rta1576.edd1e11W110511-d1e21667t69d0906.txt;82;0.99712133
224;rta1576.edd1e11W110511-d1e21946t70d0907.txt;54, 75;0.65632826, 0.32946366
225;rta1576.edd1e11W110511-d1e22012t71d0908.txt;16, 54;0.43869832, 0.39794338
226;rta1576.edd1e11W110511-d1e22017t72d0909.txt;3;0.7524709
227;rta1576.edd1e11W110511-d1e22022t73d0910.txt;46;0.9174802
228;rta1576.edd1e11W110511-d1e22035t74d0911.txt;0, 61, 93, 65, 10, 48;0.2711596, 0.26907203, 0.22953168, 0.113813065, 0.09364754, 0.017306207
229;rta1576.edd1e11W110511-d1e22304t75d0912.txt;0, 75, 61, 93, 87, 13, 17, 46, 24;0.5400594, 0.18904345, 0.08687013, 0.018697495, 0.017279258, 0.015216466, 0.01355378, 0.010387752, 0.010308595
230;rta1576.edd1e11W110511-d1e23169t76d0913.txt;23, 0, 48, 61, 27, 82;0.36058068, 0.2872159, 0.17552401, 0.12538482, 0.025438473, 0.022327188
231;rta1576.edd1e11W110511-d1e23560t77d0914.txt;27;0.99671036
232;rta1576.edd1e11W110511-d1e23871t78d0915.txt;65;0.995638
233;rta1576.edd1e11W110511-d1e24086t79d0917.txt;75, 61;0.9588353, 0.023114586
234;rta1576.edd1e11W110511-d1e24315t80d0918.txt;0, 61, 17, 75, 93, 27;0.72691315, 0.10551645, 0.046853777, 0.045965526, 0.03984286, 0.013916113
235;rta1576.edd1e11W110511-d1e24845t81d0919.txt;3, 0, 82, 75;0.3545776, 0.34537184, 0.2475628, 0.050482146
236;rta1576.edd1e11W110511-d1e25203t82d0920.txt;0;0.9985038
237;rta1576.edd1e11W110511-d1e25649t83d0922.txt;82, 93;0.9539148, 0.044839364
238;rta1576.edd1e11W110511-d1e26034t84d0924.txt;82;0.9973163
239;rta1576.edd1e11W110511-d1e26317t85d0925.txt;82, 0, 61, 93, 5;0.50428003, 0.38193503, 0.046789568, 0.03664064, 0.013616986
240;rta1576.edd1e11W110511-d1e26801t86d0926.txt;95;0.9965857
241;rta1576.edd1e11W110511-d1e26967t87d0927.txt;0, 82, 95;0.5444027, 0.35119158, 0.10076987
242;rta1576.edd1e11W110511-d1e27170t88d0928.txt;10, 0, 61, 67;0.66539, 0.19011149, 0.08759735, 0.05529519
243;rta1576.edd1e11W110511-d1e27676t89d0929.txt;65, 83, 26, 48;0.40987968, 0.3953303, 0.09947789, 0.08509637
244;rta1576.edd1e11W110511-d1e27791t90d1001.txt;95, 0, 61, 82, 67, 17, 36;0.6591877, 0.15111361, 0.086374424, 0.04198277, 0.035197698, 0.011012232, 0.010770909
245;rta1576.edd1e11W110511-d1e28378t91d1003.txt;61, 26, 0, 48, 65;0.34713325, 0.3066065, 0.14747863, 0.12249689, 0.0735767
246;rta1576.edd1e11W110511-d1e28692t92d1004.txt;13;0.99675363
247;rta1576.edd1e11W110511-d1e28859t93d1005.txt;0, 65, 48, 95;0.50971663, 0.21832702, 0.14105691, 0.12367555
248;rta1576.edd1e11W110511-d1e29015t94d1006.txt;61, 48, 95, 82, 24;0.4810694, 0.18199474, 0.1610233, 0.122638024, 0.048021704
249;rta1576.edd1e11W110511-d1e29197t95d1007.txt;60;0.99331
250;rta1576.edd1e11W110511-d1e29354t96d1008.txt;61, 82, 0, 54, 67, 24, 48;0.6007276, 0.24423893, 0.04173325, 0.026952269, 0.02452008, 0.021164058, 0.014880369
251;rta1576.edd1e11W110511-d1e30683t97d1009.txt;16, 61, 0, 67;0.6205522, 0.19411129, 0.16762802, 0.010675287
252;rta1576.edd1e11W110511-d1e31106t98d1010.txt;23, 61;0.8223738, 0.17485692
253;rta1576.edd1e11W110511-d1e31381t99d1011.txt;36;0.9933991
254;rta1576.edd1e11W110511-d1e31507t100d1012.txt;9;0.99575067
255;rta1576.edd1e11W110511-d1e31720t101d1013.txt;61, 72;0.8946465, 0.101332426
256;rta1576.edd1e7k36101-d1e37t0d0712.txt;7;0.9960856
257;rta1576.edd1e7k36101-d1e171t1d0713.txt;59;0.99238336
258;rta1576.edd1e7k36101-d1e220t2d0714.txt;42;0.9883509
259;rta1576.edd1e7k36101-d1e309t3d0827.txt;66;0.9883514
260;rta1576.edd1e7k36101-d1e378t4d0828.txt;33;0.9862485
261;rta1576.edd1e7k36101-d1e426t5d0912.txt;36;0.9932182
262;rta1576.edd1e7k36101-d1e532t6d0913.txt;48, 90;0.843309, 0.14761218
263;rta1576.edd1e7k36101-d1e615t7d0916.txt;54;0.9879231
264;rta1576.edd1e7W1109116-d1e278t0d0816.txt;27, 49;0.6435392, 0.34012404
265;rta1576.edd1e7W1109116-d1e320t1d0817.txt;49;0.98999935
266;rta1576.edd1e7W1109116-d1e377t2d0820.txt;25, 24, 61;0.7411967, 0.21571794, 0.027758662
267;rta1576.edd1e7W1109116-d1e570t3d0821.txt;24, 17, 87, 21;0.5955749, 0.31581727, 0.066201456, 0.013258921
268;rta1576.edd1e7W1109116-d1e1051t4d0828.txt;63;0.9924991
269;rta1576.edd1e7W1109116-d1e1127t5d0829.txt;37, 24;0.97592485, 0.021953681
270;rta1576.edd1e7W1109116-d1e1505t6d0830.txt;0, 24, 46;0.58456147, 0.28791857, 0.12520592
271;rta1576.edd1e7W1109116-d1e1820t7d0903.txt;46, 24, 1;0.85731304, 0.109464735, 0.02683205
272;rta1576.edd1e7W1109116-d1e2275t8d0904.txt;24, 21, 61, 87, 45, 0, 46, 51, 91, 13;0.48697105, 0.15741487, 0.091900736, 0.050342627, 0.047289744, 0.045339573, 0.026093924, 0.014164986, 0.010712726, 0.010159807
273;rta1576.edd1e7W1109116-d1e2982t9d0911.txt;87, 24, 21;0.3996921, 0.38329783, 0.21394588
274;rta1576.edd1e7W1109116-d1e3186t10d0913.txt;24, 36, 21, 87, 61, 17, 46, 45, 93, 37, 73, 51;0.38388738, 0.12949748, 0.096368894, 0.089495234, 0.062443357, 0.041385535, 0.029094018, 0.028753502, 0.026753293, 0.023886275, 0.021715574, 0.013700258
275;rta1576.edd1e7W1109116-d1e3827t11d0914.txt;21, 24, 87, 61;0.4407195, 0.26600108, 0.19285274, 0.078041196
276;rta1576.edd1e7W1109116-d1e4406t12d0917.txt;45, 24;0.5356062, 0.46066615
277;rta1576.edd1e7W1109116-d1e4625t13d0918.txt;62;0.9739455
278;rta1576.edd1e7W1109116-d1e4653t14d0919.txt;58, 24, 45;0.6379724, 0.28836408, 0.06858971
279;rta1576.edd1e7W1109116-d1e5111t15d0920.txt;45, 24;0.59245527, 0.39471737
280;rta1576.edd1e7W1109116-d1e5685t16d0924.txt;66, 24, 21, 61;0.47641915, 0.42668724, 0.05557188, 0.034053937
281;rta1576.edd1e7W1109116-d1e6037t17d0926.txt;24, 61, 45, 58, 46, 36;0.8271525, 0.048461452, 0.03837455, 0.026735881, 0.011042815, 0.010706585
282;rta1576.edd1e7W1109116-d1e6999t18d0927.txt;24;0.9980695
283;rta1576.edd1e7W1109116-d1e7379t19d0928.txt;24, 66, 61, 0, 45, 64, 32, 56, 17, 5, 21;0.35323888, 0.22580883, 0.16330911, 0.049809605, 0.04438747, 0.024101952, 0.023125801, 0.022187276, 0.017626999, 0.017155448, 0.016267477
284;rta1576.edd1e7W1109116-d1e7773t20d1002.txt;17, 24, 61, 87, 45, 46, 21, 91;0.39508554, 0.25731868, 0.14608908, 0.0377634, 0.03433673, 0.022477584, 0.016023949, 0.012667374
285;rta1576.edd1e7W1109116-d1e8683t21d1003.txt;12;0.9867993
286;rta1576.edd1e7W1109116-d1e8739t22d1005.txt;24, 87, 61, 17, 93, 21, 58, 77, 1;0.37637413, 0.22686417, 0.15339273, 0.121326506, 0.032207575, 0.015603689, 0.0138596045, 0.012720622, 0.011216432
287;rta1576.edd1e7W1109116-d1e9386t23d1006.txt;77;0.9935282
288;rta1576.edd1e7W1109116-d1e9495t24d1008.txt;1;0.9958094
289;rta1576.edd1e7W1109116-d1e10013t25d1009.txt;24;0.9955417
290;rta1576.edd1e7W1109116-d1e10556t26d1010.txt;61, 24, 64;0.58143365, 0.31976125, 0.09671709
291;rta1576.edd1e7W1109116-d1e10787t27d1011.txt;64, 24, 87, 61, 0;0.5972531, 0.21531306, 0.13347386, 0.042147804, 0.0103596775
292;rta1576.edd1e7w15223-d1e249t0d1114.txt;68;0.9829282
293;rta1576.edd1e7w15223-d1e362t1d1211.txt;27;0.9913896
294;rta1576.edd1e7w15223-d1e498t2d1229.txt;30;0.9646366
295;rta1576.edd1e7w15223-d1e570t3d0128.txt;2;0.9174953
296;rta1576.edd1e7w15223-d1e599t4d0206.txt;5;0.94788086
297;rta1576.edd1e7w15223-d1e628t5d0220.txt;71;0.98058605
298;rta1576.edd1e7w15223-d1e702t6d0315.txt;61, 5, 17, 91, 11, 96;0.46295977, 0.2417662, 0.15392654, 0.08066852, 0.0407382, 0.017008454
299;rta1576.edd1e7w15223-d1e973t7d0417.txt;5;0.9917485
300;rta1576.edd1e7w15223-d1e1152t8d0430.txt;74, 5, 37;0.5440332, 0.26097733, 0.15765521
301;rta1576.edd1e7w15223-d1e1195t9d0510.txt;56;0.9603949
302;rta1576.edd1e7w15223-d1e1258t10d0513.txt;3, 97, 74, 49;0.33151364, 0.24745582, 0.22152452, 0.11220668
303;rta1576.edd1e7w15223-d1e1281t11d0514.txt;76, 71;0.58399683, 0.33429235
304;rta1576.edd1e7w15223-d1e1310t12d0518.txt;11;0.99139
305;rta1576.edd1e7w15223-d1e1519t13d0523.txt;3, 5;0.53205425, 0.4574047
306;rta1576.edd1e7w15223-d1e1623t14d0601.txt;97;0.98058707
307;rta1576.edd1e7w15223-d1e1701t15d0606.txt;0, 5, 1, 97;0.53282154, 0.25529882, 0.1565498, 0.040536687
308;rta1576.edd1e7w15223-d1e1870t16d0609.txt;86;0.9680625
309;rta1576.edd1e7w15223-d1e1939t17d0606.txt;1;0.9238365
310;rta1576.edd1e7w15223-d1e1985t18d0615.txt;96, 97;0.532327, 0.3859925
311;rta1576.edd1e7w15223-d1e2013t19d0617.txt;94;0.95874035
312;rta1576.edd1e7w15223-d1e2041t20d0618.txt;48;0.9238111
313;rta1576.edd1e7w15223-d1e2091t21d0620.txt;96;0.9898962
314;rta1576.edd1e7w15223-d1e2146t22d0621.txt;52;0.98428327
315;rta1576.edd1e7w15223-d1e2214t23d0625.txt;8, 0;0.97667015, 0.01874931
316;rta1576.edd1e7w15223-d1e2362t24d0626.txt;71;0.9779972
317;rta1576.edd1e7w15223-d1e2473t25d0702.txt;58;0.9569503
318;rta1576.edd1e7w15223-d1e2530t26d0703.txt;16;0.99123704
319;rta1576.edd1e7w15223-d1e2587t27d0704.txt;72, 21, 57;0.48970622, 0.26021472, 0.12878142
320;rta1576.edd1e7w15223-d1e2619t28d0705.txt;91, 48, 7, 95, 96, 24, 47, 0, 5;0.2453068, 0.15070368, 0.11350895, 0.10384145, 0.103297815, 0.08671535, 0.07371913, 0.062965415, 0.049584497
321;rta1576.edd1e7w15223-d1e2706t29d0706.txt;52, 5, 65, 3, 54;0.55670726, 0.17366658, 0.16930823, 0.052859094, 0.042381827
322;rta1576.edd1e7w15223-d1e2908t30d0707.txt;51, 5, 82;0.5884532, 0.23087904, 0.17392428
323;rta1576.edd1e7w15223-d1e3117t31d0711.txt;47, 48, 80;0.9700308, 0.013301316, 0.013113394
324;rta1576.edd1e7w15223-d1e3342t32d0714.txt;80, 11;0.6814542, 0.31264022
325;rta1576.edd1e7w15223-d1e3499t33d0715.txt;95;0.98376644
326;rta1576.edd1e7w15223-d1e3582t34d0724.txt;52;0.9845283
327;rta1576.edd1e7w15223-d1e3645t35d0728.txt;5, 82, 61, 91, 21, 93, 65, 43, 44, 3;0.51844114, 0.09756186, 0.094314516, 0.08501888, 0.037157938, 0.028094376, 0.018180892, 0.017528467, 0.01305503, 0.011917586
328;rta1576.edd1e7w15223-d1e3958t36d0729.txt;3, 5;0.70504344, 0.29052052
329;rta1576.edd1e7w15223-d1e4093t37d0801.txt;8;0.97394365
330;rta1576.edd1e7w15223-d1e4136t38d0802.txt;71, 82, 5, 3, 65, 8, 80;0.6042247, 0.19054005, 0.09382428, 0.038040288, 0.0216216, 0.01877675, 0.014100677
331;rta1576.edd1e7w15223-d1e4277t39d0803.txt;41;0.9883523
332;rta1576.edd1e7w15223-d1e4384t40d0804.txt;44, 0, 68;0.8510512, 0.0896778, 0.05275901
333;rta1576.edd1e7w15223-d1e4519t41d0805.txt;77, 5, 17, 82, 69;0.2893876, 0.26733914, 0.23387088, 0.12911743, 0.07148354
334;rta1576.edd1e7w15223-d1e4606t42d0808.txt;29;0.9940356
335;rta1576.edd1e7w15223-d1e4772t43d0813.txt;94;0.9837669
336;rta1576.edd1e7w15223-d1e4871t44d0818.txt;95, 5, 21, 67, 11;0.7926463, 0.13152532, 0.030085588, 0.022794979, 0.01669446
337;rta1576.edd1e7w15223-d1e5002t45d0825.txt;28, 90;0.85247666, 0.12666367
338;rta1576.edd1e7w15223-d1e5051t46d0826.txt;1;0.9891193
339;rta1576.edd1e7w15223-d1e5168t47d0827.txt;93, 43;0.714599, 0.26088342
340;rta1576.edd1e7w15223-d1e5214t48d0829.txt;28, 43;0.52501523, 0.451074
341;rta1576.edd1e7w15223-d1e5283t49d0903.txt;48;0.9619091
342;rta1576.edd1e7w15223-d1e5328t50d0905.txt;99;0.9823163
343;rta1576.edd1e7w15223-d1e5415t51d0909.txt;5;0.98661864
344;rta1576.edd1e7w15223-d1e5545t52d0910.txt;43;0.9938499
345;rta1576.edd1e7w15223-d1e5719t53d0911.txt;21;0.95499337
346;rta1576.edd1e7w15223-d1e5758t54d0912.txt;68;0.99507374
347;rta1576.edd1e7w15223-d1e5926t55d0914.txt;21;0.9969719
348;rta1576.edd1e7w15223-d1e6146t56d0915.txt;59;0.98835135
349;rta1576.edd1e7w15223-d1e6244t57d0917.txt;82, 5, 21, 90;0.76426625, 0.1655169, 0.03610824, 0.030615399
350;rta1576.edd1e7w15223-d1e6461t58d0918.txt;2;0.97697526
351;rta1576.edd1e7w15223-d1e6554t59d0919.txt;86;0.9174952
352;rta1576.edd1e7w15223-d1e6576t60d0920.txt;30, 82, 8, 5;0.8175294, 0.09619503, 0.051362507, 0.025563689
353;rta1576.edd1e7w15223-d1e6773t61d0924.txt;36;0.98792523
354;rta1576.edd1e7w15223-d1e6836t62d0929.txt;16;0.9739412
355;rta1576.edd1e7w15223-d1e6902t63d0930.txt;82, 54, 5;0.76118976, 0.122703806, 0.1141336
356;rta1576.edd1e7w15223-d1e7283t64d1002.txt;82;0.99009347
357;rta1576.edd1e7w15223-d1e7392t65d1003.txt;81;0.97799855
358;rta1576.edd1e7w15223-d1e7491t66d1004.txt;11, 23;0.9620621, 0.033675957
359;rta1576.edd1e7w15223-d1e7697t67d1005.txt;65;0.99545753
360;rta1576.edd1e7w15223-d1e7894t68d1006.txt;43;0.985797
361;rta1576.edd1e7w15223-d1e8053t69d1008.txt;71;0.9174888
362;rta1576.edd1e7w15223-d1e8076t70d1009.txt;54, 5, 24;0.47374594, 0.41891408, 0.09859723
363;rta1576.edd1e7w15223-d1e8197t71d1010.txt;95;0.96191514
364;rta1576.edd1e7w15223-d1e8229t72d1011.txt;23, 21, 51;0.35727102, 0.25121215, 0.22983143
365;rta1576.edd1e7w15223-d1e8245t73d1012.txt;23;0.99737334
366;rta1576.edd1e7w152270-d1e379t0d0625.txt;28;0.99389243
367;rta1576.edd1e7w152270-d1e734t1d0628.txt;28, 91, 70, 51, 57;0.7924777, 0.10617491, 0.037945516, 0.017527942, 0.014442034
368;rta1576.edd1e7w152270-d1e1351t2d0630.txt;70, 91, 28, 3, 93, 57, 95, 87, 51;0.35844547, 0.27717218, 0.2489402, 0.03065982, 0.017789857, 0.014923374, 0.013710098, 0.011796245, 0.010482426
369;rta1576.edd1e7w152270-d1e1730t3d0703.txt;44;0.9975431
370;rta1576.edd1e7w152270-d1e1912t4d0704.txt;91, 93, 28, 92, 44, 54, 0, 57, 27, 4;0.6821562, 0.06923044, 0.045413714, 0.026799224, 0.025864257, 0.024751551, 0.012487659, 0.012045151, 0.012021075, 0.010408115
371;rta1576.edd1e7w152270-d1e3009t5d0705.txt;91, 93, 92, 61, 57, 54, 87, 44;0.79405946, 0.042443138, 0.019583937, 0.016263915, 0.013095101, 0.012832414, 0.011083327, 0.01054771
372;rta1576.edd1e7w152270-d1e3681t6d0706.txt;91, 51;0.6027831, 0.36452103
373;rta1576.edd1e7w152270-d1e3699t7d0707.txt;92;0.9971134
374;rta1576.edd1e7w152270-d1e3793t8d0709.txt;91, 93, 28, 11, 57;0.3349987, 0.29009247, 0.18875396, 0.12907001, 0.050738145
375;rta1576.edd1e7w152270-d1e4145t9d0711.txt;28;0.9913893
376;rta1576.edd1e7w152270-d1e4227t10d0712.txt;0, 28, 91, 90, 93, 50, 51;0.31916797, 0.21728905, 0.18113527, 0.11819087, 0.098195724, 0.0384456, 0.025090795
377;rta1576.edd1e7w152270-d1e4469t11d0714.txt;93, 90;0.79030395, 0.2046683
378;rta1576.edd1e7w152270-d1e4593t12d0717.txt;33, 28;0.5582176, 0.43333268
379;rta1576.edd1e7w152270-d1e4665t13d0718.txt;96;0.99559927
380;rta1576.edd1e7w152270-d1e4832t14d0719.txt;91, 54, 4, 92, 28;0.650182, 0.24139829, 0.026063085, 0.022686377, 0.019190643
381;rta1576.edd1e7w152270-d1e5268t15d0720.txt;19, 91;0.6207054, 0.36499316
382;rta1576.edd1e7w152270-d1e5470t16d0721.txt;27, 91, 7;0.5229275, 0.45109648, 0.014970383
383;rta1576.edd1e7w152270-d1e6156t17d0723.txt;91, 7, 28, 70;0.42292088, 0.39350092, 0.1522839, 0.02754237
384;rta1576.edd1e7w152270-d1e6411t18d0724.txt;57, 91, 93;0.5166082, 0.34672275, 0.13449788
385;rta1576.edd1e7w152270-d1e6587t19d0728.txt;9;0.9829292
386;rta1576.edd1e7w152270-d1e6661t20d0728.txt;91, 3, 57, 7, 51;0.5918299, 0.36270377, 0.020247053, 0.0119805755, 0.011417659
387;rta1576.edd1e7w152270-d1e7155t21d0730.txt;33;0.98662025
388;rta1576.edd1e7w152270-d1e7196t22d0731.txt;91, 42, 28;0.48670334, 0.44030467, 0.06862123
389;rta1576.edd1e7w152270-d1e7290t23d0801.txt;91, 92, 93, 80, 70, 61, 43, 88;0.40235043, 0.29844213, 0.087958135, 0.05629193, 0.044395957, 0.035342522, 0.011556, 0.010414293
390;rta1576.edd1e7w152270-d1e7706t24d0802.txt;89;0.99742836
391;rta1576.edd1e7w152270-d1e7979t25d0804.txt;91;0.9963584
392;rta1576.edd1e7w152270-d1e8240t26d0806.txt;91, 43;0.6672929, 0.2964003
393;rta1576.edd1e7w152270-d1e8268t27d0807.txt;91, 88, 79, 93, 54, 5, 48, 70, 57, 51;0.59877735, 0.13369273, 0.0772156, 0.050758142, 0.020889878, 0.017099751, 0.016521584, 0.016155535, 0.013358323, 0.010937478
394;rta1576.edd1e7w152270-d1e8924t28d0808.txt;88;0.9979111
395;rta1576.edd1e7w152270-d1e9187t29d0809.txt;91, 93, 70, 77, 80, 43, 0, 24, 17, 53, 60, 51, 57, 54, 28, 45;0.45451146, 0.059898917, 0.05400703, 0.05302027, 0.047655262, 0.04619839, 0.042741723, 0.035368837, 0.027214607, 0.021010097, 0.020782614, 0.016345067, 0.015156484, 0.014554635, 0.014267624, 0.010157888
396;rta1576.edd1e7w152270-d1e9757t30d0810.txt;95, 80, 33, 12;0.30806777, 0.2512081, 0.1944453, 0.12624404
397;rta1576.edd1e7w152270-d1e9763t31d0811.txt;91, 88;0.9159312, 0.08283846
398;rta1576.edd1e7w152270-d1e10290t32d0813.txt;91, 70;0.90995497, 0.087984614
399;rta1576.edd1e7w152270-d1e10658t33d0814.txt;91, 88;0.9466788, 0.043170743
400;rta1576.edd1e7w152270-d1e11252t34d0816.txt;91, 54, 51;0.49992633, 0.3847755, 0.11183131
401;rta1576.edd1e7w152270-d1e11468t35d0820.txt;43;0.99785686
402;rta1576.edd1e7w152270-d1e11640t36d.txt;24, 91, 67, 42;0.5164908, 0.341652, 0.07952089, 0.054460216
403;rta1576.edd1e7w152270-d1e11768t37d0822.txt;23;0.9966089
404;rta1576.edd1e7w152270-d1e12007t38d0823.txt;4, 51;0.9544393, 0.043158162
405;rta1576.edd1e7w152270-d1e12342t39d0824.txt;36;0.9847673
406;rta1576.edd1e7w152270-d1e12417t40d0827.txt;94;0.99676424
407;rta1576.edd1e7w152270-d1e12741t41d0828.txt;70, 91, 28, 33, 51, 24, 40;0.2840766, 0.20052427, 0.16576666, 0.1559129, 0.10842383, 0.03410979, 0.027330868
408;rta1576.edd1e7w152270-d1e12830t42d0829.txt;57, 91, 61, 5;0.6678556, 0.25365657, 0.04740792, 0.014745446
409;rta1576.edd1e7w152270-d1e13549t43d0831.txt;97;0.9933995
410;rta1576.edd1e7w152270-d1e13611t44d0903.txt;61, 57, 97, 91;0.43179712, 0.2554038, 0.15563151, 0.15191491
411;rta1576.edd1e7w152270-d1e13733t45d0904.txt;80;0.9980811
412;rta1576.edd1e7w152270-d1e14023t46d0905.txt;91, 76, 59;0.56401205, 0.361641, 0.05707962
413;rta1576.edd1e7w152270-d1e14493t47d0906.txt;40;0.9769754
414;rta1576.edd1e7w152270-d1e14550t48d0907.txt;74, 51, 75, 31, 70;0.31835315, 0.2834075, 0.15307558, 0.11606855, 0.1026878
415;rta1576.edd1e7w152270-d1e14580t49d0910.txt;43, 21;0.5739972, 0.35060015
416;rta1576.edd1e7w152270-d1e14593t50d0911.txt;91, 77;0.5372519, 0.4493202
417;rta1576.edd1e7w152270-d1e14641t51d0913.txt;77;0.9912373
418;rta1576.edd1e7w152270-d1e14716t52d0914.txt;23, 93, 70, 91, 24;0.29463497, 0.256867, 0.25017202, 0.17427762, 0.021370457
419;rta1576.edd1e7w152270-d1e14984t53d0915.txt;70, 91, 32, 68, 61;0.71779656, 0.14390805, 0.07079513, 0.026952593, 0.018228851
420;rta1576.edd1e7w152270-d1e15427t54d0916.txt;47, 90;0.62104404, 0.34733796
421;rta1576.edd1e7w152270-d1e15464t55d0917.txt;57, 31, 32, 70, 23, 67;0.68106616, 0.09443531, 0.080029346, 0.06865293, 0.03685712, 0.03188752
422;rta1576.edd1e7w152270-d1e15558t56d0918.txt;68, 70, 91, 88, 97;0.50656134, 0.3593271, 0.095404044, 0.01732111, 0.010881407
423;rta1576.edd1e7w152270-d1e15733t57d0919.txt;31;0.99160963
424;rta1576.edd1e7w152270-d1e15777t58d0920.txt;5, 91, 70, 54, 61;0.38025892, 0.32355112, 0.20801125, 0.03407421, 0.034000672
425;rta1576.edd1e7w152270-d1e16110t59d0922.txt;91, 45;0.5458269, 0.44911867
426;rta1576.edd1e7w152270-d1e16218t60d0924.txt;61, 91, 70, 90;0.37176836, 0.26968092, 0.24683753, 0.10846583
427;rta1576.edd1e7w152270-d1e16423t61d0925.txt;59, 91, 70;0.56791234, 0.3202405, 0.107886195
428;rta1576.edd1e7w152270-d1e16694t62d0928.txt;91, 67, 13;0.87859964, 0.07428301, 0.042538106
429;rta1576.edd1e7w152270-d1e16861t63d0929.txt;27, 33, 41;0.5016643, 0.16833533, 0.16830876
430;rta1576.edd1e7w152270-d1e16867t64d1001.txt;90, 74, 87, 23, 95, 31, 91, 33, 17, 99, 78;0.12692648, 0.11510703, 0.11166278, 0.105594866, 0.09794748, 0.09576888, 0.09097396, 0.079055384, 0.078410804, 0.063866004, 0.01846224
431;rta1576.edd1e7w152270-d1e16937t65d1004.txt;90;0.97461075
432;rta1576.edd1e7w152270-d1e16973t66d1005.txt;53;0.9797942
433;rta1576.edd1e7w152270-d1e16995t67d1006.txt;14;0.98131895
434;rta1576.edd1e7w152270-d1e17023t68d1008.txt;58;0.99099874
435;rta1576.edd1e7w152270-d1e17128t69d1009.txt;42, 57;0.59995675, 0.39576262
436;rta1576.edd1e7w152270-d1e17317t70d1012.txt;29;0.9752477
437;rta1576.edd1e7w15fr02-d1e90t0d0806.txt;77;0.99458915
438;rta1576.edd1e7w15fr02-d1e163t1d0807.txt;53;0.9921423
439;rta1576.edd1e7w15fr02-d1e232t2d0808.txt;76, 74;0.9184462, 0.0770767
440;rta1576.edd1e7w15fr02-d1e329t3d0809.txt;3;0.9866179
441;rta1576.edd1e7w15fr02-d1e371t4d0816.txt;25;0.99492246
442;rta1576.edd1e7w15fr03-d1e90t0d0806.txt;82, 36;0.7914501, 0.18574214
443;rta1576.edd1e7w15fr03-d1e118t1d0807.txt;36;0.98262906
444;rta1576.edd1e7w15fr03-d1e135t2d0808.txt;94;0.98923695
445;rta1576.edd1e7w15fr03-d1e169t3d0809.txt;15;0.9829275
446;rta1576.edd1e7w15fr03-d1e192t4d0811.txt;67;0.98131514
447;rta1576.edd1e7w15fr03-d1e225t5d0813.txt;27, 74;0.7868505, 0.17934766
448;rta1576.edd1e7w15fr03-d1e242t6d0814.txt;14;0.97324026
449;rta1576.edd1e7w15fr03-d1e273t7d0816.txt;96;0.9896858
450;rta1576.edd1e7w15fr04-d1e91t0d0806.txt;82, 92, 77, 91;0.89820105, 0.03428417, 0.03184693, 0.025801424
451;rta1576.edd1e7w15fr04-d1e277t1d0809.txt;60;0.99464804
452;rta1576.edd1e7w15fr04-d1e357t2d0811.txt;41;0.96192074
453;rta1576.edd1e7w15fr04-d1e378t3d0813.txt;60;0.9381174
454;rta1576.edd1e7w15fr04-d1e396t4d0816.txt;4;0.9867971
455;rta1576.edd1e8m515511-d1e35t0d0712.txt;54;0.99602306
456;rta1576.edd1e8m515511-d1e173t1d0713.txt;68;0.99292755
457;rta1576.edd1e8m515511-d1e271t2d0714.txt;41;0.97088015
458;rta1576.edd1e8m515511-d1e327t3d0827.txt;65, 54, 51, 76, 63;0.38965735, 0.3435247, 0.16300353, 0.04236705, 0.032626845
459;rta1576.edd1e8m515511-d1e375t4d0828.txt;58, 90;0.5308025, 0.44788936
460;rta1576.edd1e8m515511-d1e408t5d0912.txt;90;0.98166394
461;rta1576.edd1e8m515511-d1e458t6d0913.txt;21, 90;0.55016565, 0.41603252
462;rta1576.edd1e8m515511-d1e493t7d0916.txt;8;0.984767
463;rta1576.edd1e8m531431-d1e34t0d0712.txt;96, 90, 93;0.75041616, 0.21574593, 0.031297877
464;rta1576.edd1e8m531431-d1e265t1d0713.txt;79, 90;0.816805, 0.17276734
465;rta1576.edd1e8m531431-d1e326t2d0714.txt;55;0.9856513
466;rta1576.edd1e8m531431-d1e389t3d0916.txt;58, 90;0.7763862, 0.20727767
467;rta1576.edd1e8w99141-d1e35t0d0711.txt;3, 50, 90;0.5288624, 0.26891032, 0.17796941
468;rta1576.edd1e8w99141-d1e57t1d0712.txt;50, 90, 17, 51, 93, 99, 7, 3, 61, 8;0.5204999, 0.23156723, 0.05884446, 0.03794838, 0.028194338, 0.02435496, 0.023233166, 0.021403402, 0.017258402, 0.010128869
469;rta1576.edd1e8w99141-d1e449t2d0714.txt;90, 99;0.88248897, 0.10733404
470;rta1576.edd1e8w99141-d1e638t3d0827.txt;22;0.99365294
471;rta1576.edd1e8w99141-d1e761t4d0828.txt;11, 90;0.7558152, 0.2326532
